segment_id,start_km,end_km,segment_distance_km,cumulative_distance_km,start_lat,start_lon,end_lat,end_lon,mid_lat,mid_lon,estimated_duration_min,speed_kmh
1,0.0,10.0,10.0,10.0,35.07811411179768,128.8344523481377,35.12582466735451,128.7909206532155,35.095975599973826,128.8247621767509,14.041918728994807,42.729203293355845
2,10.0,20.0,10.0,20.0,35.12582466735451,128.7909206532155,35.208031763432274,128.78074243577097,35.16458057278607,128.78215943248142,8.031342388451034,74.70731180167245
3,20.0,30.0,10.0,30.0,35.208031763432274,128.78074243577097,35.27881667735893,128.72712848521653,35.24662634178345,128.75988881030975,7.070133881643486,84.86402238546113
4,30.0,40.0,10.0,40.0,35.27881667735893,128.72712848521653,35.281489122718845,128.62115354927255,35.273283751470885,128.67318400193776,7.060511147463998,84.97968312329746
5,40.0,50.0,10.0,50.0,35.281489122718845,128.62115354927255,35.283594140451484,128.51493649207518,35.29032857453996,128.56762284375296,8.302216572654325,72.26985645933016
6,50.0,60.0,10.0,60.0,35.283594140451484,128.51493649207518,35.36025453394822,128.49570946662172,35.32061690080099,128.50195970399128,6.456049268044554,92.93609374541398
7,60.0,70.0,10.0,70.0,35.36025453394822,128.49570946662172,35.440237733172836,128.50468122842165,35.39986963364077,128.4824320070914,6.4387187381839786,93.18624161073826
8,70.0,80.0,10.0,80.0,35.440237733172836,128.50468122842165,35.52621923393412,128.49850081027336,35.484203826443014,128.51250607463956,6.4387187381839786,93.18624161073826
9,80.0,90.0,10.0,90.0,35.52621923393412,128.49850081027336,35.60054259896629,128.46735463859494,35.56029561497861,128.47091444655143,6.376538931623051,94.0949324443753
10,90.0,100.0,10.0,100.0,35.60054259896629,128.46735463859494,35.679501927679574,128.4327209666019,35.63782426668369,128.44505842224925,6.3636619028597705,94.28533588975958
11,100.0,110.0,10.0,110.0,35.679501927679574,128.4327209666019,35.755076835375576,128.37417961782828,35.71831890228316,128.40497618695827,6.242530542899891,96.11486814148246
12,110.0,120.0,10.0,120.0,35.755076835375576,128.37417961782828,35.83416462510721,128.32867362257608,35.795062483842074,128.3500655959165,6.212712164891239,96.57617866004962
13,120.0,130.0,10.0,130.0,35.83416462510721,128.32867362257608,35.90413753200906,128.2755024116943,35.87763907329376,128.31615226916134,6.212712164891239,96.57617866004962
14,130.0,140.0,10.0,140.0,35.90413753200906,128.2755024116943,35.9801536235346,128.2380958821967,35.936790577924256,128.24235493137604,6.212712164891239,96.57617866004962
15,140.0,150.0,10.0,150.0,35.9801536235346,128.2380958821967,36.06245403613896,128.26583424126835,36.01880967897096,128.26596328900357,6.212712164891239,96.57617866004962
16,150.0,160.0,10.0,160.0,36.06245403613896,128.26583424126835,36.146360429812894,128.2751291099034,36.104922733772625,128.2682813993485,6.212712164891239,96.57617866004962
17,160.0,170.0,10.0,170.0,36.146360429812894,128.2751291099034,36.23264468613815,128.26378703308046,36.188277242421925,128.26042104836912,6.311931123804626,95.05807148895815
18,170.0,180.0,10.0,180.0,36.23264468613815,128.26378703308046,36.310686714894125,128.22190151592403,36.274829715583685,128.25153866703894,6.619513964454117,90.64109589041097
19,180.0,190.0,10.0,190.0,36.310686714894125,128.22190151592403,36.36965686591913,128.20553243067567,36.35322122570438,128.2329295740706,6.530476021656137,91.87691647749735
20,190.0,200.0,10.0,200.0,36.36965686591913,128.20553243067567,36.38761814476033,128.1055654350425,36.36899540852443,128.15214063145655,6.263470919020533,95.79353169469597
21,200.0,210.0,10.0,210.0,36.38761814476033,128.1055654350425,36.433122745788886,128.01444122748896,36.41093337428681,128.05882767645207,6.19458551945428,96.85878064249532
22,210.0,220.0,10.0,220.0,36.433122745788886,128.01444122748896,36.44614823429055,127.90839772369189,36.44257208415834,127.96211953189788,6.039307562150202,99.34913793103448
23,220.0,230.0,10.0,230.0,36.44614823429055,127.90839772369189,36.45546467312528,127.8000296839948,36.452174699974286,127.85500052194101,6.039307562150202,99.34913793103448
24,230.0,240.0,10.0,240.0,36.45546467312528,127.8000296839948,36.46573926240909,127.69077761218995,36.45674390168871,127.74442231588759,6.0974103967423,98.40243004154117
25,240.0,250.0,10.0,250.0,36.46573926240909,127.69077761218995,36.50044107339122,127.59357659309003,36.47482060433665,127.63680344836989,6.1171620906134185,98.08469860896444
26,250.0,260.0,10.0,260.0,36.50044107339122,127.59357659309003,36.53776670620946,127.49588950027116,36.51432714510594,127.54205129152714,6.497385852938322,92.34483122603241
27,260.0,270.0,10.0,270.0,36.53776670620946,127.49588950027116,36.59399761540526,127.4238453560761,36.56248198091764,127.4495747398126,6.676998323579232,89.86073845206052
28,270.0,280.0,10.0,280.0,36.59399761540526,127.4238453560761,36.667563949808915,127.37237238902077,36.624444896966004,127.38417183775131,8.513517671617858,70.47615605477208
29,280.0,290.0,10.0,290.0,36.667563949808915,127.37237238902077,36.72615993976019,127.30970115134336,36.70351629256624,127.34763340542362,8.519342173901107,70.42797292942315
30,290.0,300.0,10.0,300.0,36.72615993976019,127.30970115134336,36.759738861918066,127.21795003991534,36.73415739495897,127.25730557319253,8.519342173901107,70.42797292942315
31,300.0,310.0,10.0,310.0,36.759738861918066,127.21795003991534,36.824824711266764,127.1679175594159,36.781452987913156,127.1750411464829,8.519342173901107,70.42797292942315
32,310.0,320.0,10.0,320.0,36.824824711266764,127.1679175594159,36.911497680722206,127.18912664579527,36.866669227619944,127.18666227876112,8.519342173901107,70.42797292942315
33,320.0,330.0,10.0,330.0,36.911497680722206,127.18912664579527,36.99364542071411,127.1545636973473,36.95490121924048,127.18252952604855,8.519342173901107,70.42797292942315
34,330.0,340.0,10.0,340.0,36.99364542071411,127.1545636973473,37.0802328696275,127.1281170580835,37.03668282027171,127.13883651757011,10.878912989987752,55.152569062019445
35,340.0,350.0,10.0,350.0,37.0802328696275,127.1281170580835,37.15861755825445,127.08804276432306,37.120900485127855,127.1056213377716,10.9402430056188,54.84338873385591
36,350.0,360.0,10.0,360.0,37.15861755825445,127.08804276432306,37.17098005767505,127.01727467934768,37.18219178966459,127.07013821442325,12.296760711162118,48.79333786298395
37,360.0,370.0,10.0,370.0,37.17098005767505,127.01727467934768,37.23072641829735,126.95567067463946,37.18849985968509,126.96842522207754,10.129342880792548,59.23385229043153
38,370.0,380.0,10.0,380.0,37.23072641829735,126.95567067463946,37.3145711667985,126.93039345298322,37.274750112527,126.95042846265568,17.036828348280665,35.21782269177768
39,380.0,390.0,10.0,390.0,37.3145711667985,126.93039345298322,37.3879915777728,126.86768797889349,37.352924958374366,126.90261271407486,17.036828348280665,35.21782269177768
40,390.0,400.0,10.0,400.0,37.3879915777728,126.86768797889349,37.38835197321758,126.76554624569167,37.38973173290521,126.82201710830743,14.906999335718009,40.24954898618438
41,400.0,410.0,10.0,410.0,37.38835197321758,126.76554624569167,37.39769921934567,126.65937706974009,37.38283185468908,126.71150559140577,12.265779442691864,48.91658151879529
42,410.0,420.0,10.0,420.0,37.39769921934567,126.65937706974009,37.41892791116813,126.55619505687665,37.40599853285767,126.60823319608832,6.914857645861356,86.76968214365321
43,420.0,430.0,10.0,430.0,37.41892791116813,126.55619505687665,37.485999969958776,126.4868344254161,37.455728136094834,126.52419569090912,6.827888749042127,87.87489399035287
44,430.0,434.77,4.769999999999982,434.77,37.485999969958776,126.4868344254161,37.46619911168281,126.47601966827362,37.464953077660056,126.4875606980071,4.915212332751469,58.227392963873854
